dataset,model_a,model_b,model_a_display,model_b_display,mae_a_flat_pooled_seeds_used,mae_b_flat_pooled_seeds_used,mae_a_flat_pooled_full_seed_set,mae_b_flat_pooled_full_seed_set,mean_loss_diff_a_minus_b,ci_low,ci_high,ci_excludes_zero,point_estimate_inside_ci,block_len,n_bootstrap,seeds_used,seed_mismatch_vs_full_set
PEMS-BAY,D2STGNN,STAEformer,D2STGNN,STAEformer,1.5151096587361892,1.574987959469192,1.5151096587361892,1.574987959469192,-0.05987830073300282,-0.06703805020566254,-0.051809425935934655,True,True,288,10000,"[43, 44, 45]",False
PEMS-BAY,D2STGNN,STID,D2STGNN,STID,1.5151096587361892,1.5651952650271048,1.5151096587361892,1.5651952650271048,-0.05008560629091563,-0.06313724893486583,-0.037600697200879926,True,True,288,10000,"[43, 44, 45]",False
PEMS-BAY,D2STGNN,STNorm,D2STGNN,STNorm,1.5151096587361892,1.605150677746911,1.5151096587361892,1.605150677746911,-0.0900410190107217,-0.1007695125680235,-0.07279420509967272,True,True,288,10000,"[43, 44, 45]",False
PEMS-BAY,D2STGNN,STGCNChebGraphConv,D2STGNN,STGCN-Cheb,1.5151096587361892,1.704230753196639,1.5151096587361892,1.704230753196639,-0.18912109446044978,-0.21515179329547204,-0.15614760576675513,True,True,288,10000,"[43, 44, 45]",False
PEMS-BAY,STAEformer,STID,STAEformer,STID,1.574987959469192,1.5651952650271048,1.574987959469192,1.5651952650271048,0.00979269444208719,-0.005000513286651897,0.021611788265984467,False,True,288,10000,"[43, 44, 45]",False
PEMS-BAY,STAEformer,STNorm,STAEformer,STNorm,1.574987959469192,1.605150677746911,1.574987959469192,1.605150677746911,-0.03016271827771888,-0.03701636401215104,-0.01807023893647761,True,True,288,10000,"[43, 44, 45]",False
PEMS-BAY,STAEformer,STGCNChebGraphConv,STAEformer,STGCN-Cheb,1.574987959469192,1.704230753196639,1.574987959469192,1.704230753196639,-0.12924279372744696,-0.1505821744150816,-0.10197303874069256,True,True,288,10000,"[43, 44, 45]",False
PEMS-BAY,STID,STNorm,STID,STNorm,1.5651952650271048,1.605150677746911,1.5651952650271048,1.605150677746911,-0.03995541271980607,-0.0530336558505716,-0.018258308275899294,True,True,288,10000,"[43, 44, 45]",False
PEMS-BAY,STID,STGCNChebGraphConv,STID,STGCN-Cheb,1.5651952650271048,1.704230753196639,1.5651952650271048,1.704230753196639,-0.13903548816953415,-0.1655371035753594,-0.1033343243325889,True,True,288,10000,"[43, 44, 45]",False
PEMS-BAY,STNorm,STGCNChebGraphConv,STNorm,STGCN-Cheb,1.605150677746911,1.704230753196639,1.605150677746911,1.704230753196639,-0.09908007544972808,-0.11972270246357014,-0.07860432886793078,True,True,288,10000,"[43, 44, 45]",False
