dataset,model,n_seeds,seeds,mae_mean,mae_sample_sd,mae_95ci_half_width,rmse_mean,mape_mean,effect_mae_pct_vs_dataset_best,standard_deviation_ddof,ci_scope
METR-LA,D2STGNN,3,"43,44,45",2.877969,0.001042,0.002588,5.921416,0.07797,0.0,1,across three seed-level results
METR-LA,MegaCRN,3,"43,44,45",3.011328,0.043458,0.107956,6.147921,0.081114,4.633789,1,across three seed-level results
METR-LA,MTGNN,3,"43,44,45",3.021335,0.006912,0.01717,6.146856,0.081777,4.981499,1,across three seed-level results
METR-LA,STGCNChebGraphConv,3,"43,44,45",3.137189,0.00049,0.001217,6.323753,0.084736,9.007046,1,across three seed-level results
METR-LA,STID,3,"43,44,45",3.119073,0.005056,0.01256,6.47654,0.090706,8.377575,1,across three seed-level results
METR-LA,STNorm,3,"43,44,45",3.131702,0.003792,0.00942,6.427959,0.086298,8.816391,1,across three seed-level results
METR-LA,STAEformer,3,"43,44,45",2.942297,0.007034,0.017473,6.001636,0.081795,2.235187,1,across three seed-level results
PEMS-BAY,D2STGNN,3,"43,44,45",1.513263,0.000718,0.001784,3.526433,0.034219,0.0,1,across three seed-level results
PEMS-BAY,MegaCRN,3,"43,44,45",1.55146,0.003993,0.009919,3.623981,0.035177,2.524148,1,across three seed-level results
PEMS-BAY,MTGNN,3,"43,44,45",1.59148,0.005641,0.014013,3.674225,0.035607,5.168764,1,across three seed-level results
PEMS-BAY,STGCNChebGraphConv,3,"43,44,45",1.70198,0.011035,0.027412,3.81251,0.03871,12.470866,1,across three seed-level results
PEMS-BAY,STID,3,"43,44,45",1.563265,0.000147,0.000365,3.600271,0.035461,3.30425,1,across three seed-level results
PEMS-BAY,STNorm,3,"43,44,45",1.603087,0.001565,0.003888,3.708522,0.035837,5.935782,1,across three seed-level results
PEMS-BAY,STAEformer,3,"43,44,45",1.57296,0.015359,0.038154,3.579183,0.035474,3.944919,1,across three seed-level results
PEMS04,D2STGNN,3,"43,44,45",18.393026,0.052227,0.129739,29.855537,0.126613,0.938054,1,across three seed-level results
PEMS04,MegaCRN,3,"43,44,45",18.818741,0.025066,0.062267,30.489188,0.127617,3.274311,1,across three seed-level results
PEMS04,MTGNN,3,"43,44,45",19.0589,0.027278,0.067762,31.0018,0.13315,4.592266,1,across three seed-level results
PEMS04,STGCNChebGraphConv,3,"43,44,45",19.962503,0.104436,0.259433,31.639228,0.135167,9.551098,1,across three seed-level results
PEMS04,STID,3,"43,44,45",18.419484,0.012716,0.031588,29.940883,0.12546,1.083251,1,across three seed-level results
PEMS04,STNorm,3,"43,44,45",19.041688,0.090413,0.224598,31.336789,0.127963,4.497809,1,across three seed-level results
PEMS04,STAEformer,3,"43,44,45",18.222093,0.115705,0.287427,30.655789,0.122032,0.0,1,across three seed-level results
